{"cameraMode":{"drawMode":0,"name":"Shaded","section":"Shading Mode"},"sceneLighting":false,"audioPlay":false,"sceneViewState":{"showFog":true,"showMaterialUpdate":false,"showSkybox":false,"showFlares":true,"showImageEffects":true,"showParticleSystems":true},"in2DMode":false,"pivot":{"x":-21.484189987182618,"y":8.747126579284668,"z":-6.530128479003906},"rotation":{"x":0.028054431080818178,"y":0.9678834676742554,"z":-0.21726806461811067,"w":0.12527833878993989},"size":16.429845809936525,"orthographic":false}