{"cameraMode":{"drawMode":0,"name":"Shaded","section":"Shading Mode"},"sceneLighting":false,"audioPlay":false,"sceneViewState":{"showFog":true,"showMaterialUpdate":false,"showSkybox":false,"showFlares":true,"showImageEffects":true,"showParticleSystems":true},"in2DMode":false,"pivot":{"x":-37.6312370300293,"y":-21.1167049407959,"z":8.404627799987793},"rotation":{"x":-0.1554834246635437,"y":0.7576634883880615,"z":-0.19391019642353059,"w":-0.6039175987243652},"size":25.486772537231447,"orthographic":false}