{"cameraMode":{"drawMode":0,"name":"Shaded","section":"Shading Mode"},"sceneLighting":false,"audioPlay":false,"sceneViewState":{"showFog":true,"showMaterialUpdate":false,"showSkybox":false,"showFlares":true,"showImageEffects":true,"showParticleSystems":true},"in2DMode":false,"pivot":{"x":542.0079345703125,"y":960.1631469726563,"z":-12.970391273498536},"rotation":{"x":-0.0004216411616653204,"y":-0.9974582195281982,"z":-0.006340170279145241,"w":-0.07345728576183319},"size":6.90739631652832,"orthographic":false}