{"cameraMode":{"drawMode":0,"name":"Shaded","section":"Shading Mode"},"sceneLighting":false,"audioPlay":false,"sceneViewState":{"showFog":true,"showMaterialUpdate":false,"showSkybox":false,"showFlares":true,"showImageEffects":true,"showParticleSystems":true},"in2DMode":false,"pivot":{"x":539.2127075195313,"y":956.7880859375,"z":4.751677513122559},"rotation":{"x":-0.2894843518733978,"y":-0.02496989071369171,"z":0.006516406312584877,"w":-0.9570221304893494},"size":2.5749449729919435,"orthographic":false}