{"cameraMode":{"drawMode":0,"name":"Shaded","section":"Shading Mode"},"sceneLighting":false,"audioPlay":false,"sceneViewState":{"showFog":true,"showMaterialUpdate":false,"showSkybox":false,"showFlares":true,"showImageEffects":true,"showParticleSystems":true},"in2DMode":false,"pivot":{"x":-4.494194984436035,"y":7.555581569671631,"z":5.366714000701904},"rotation":{"x":-0.25119778513908389,"y":0.32764002680778506,"z":-0.09076698869466782,"w":-0.9065321683883667},"size":10.721307754516602,"orthographic":false}