{"cameraMode":{"drawMode":0,"name":"Shaded","section":"Shading Mode"},"sceneLighting":true,"audioPlay":false,"sceneViewState":{"showFog":true,"showMaterialUpdate":false,"showSkybox":false,"showFlares":true,"showImageEffects":true,"showParticleSystems":true},"in2DMode":false,"pivot":{"x":-3.307710647583008,"y":-0.6202714443206787,"z":-1.5697853565216065},"rotation":{"x":-0.0974804162979126,"y":0.8520467281341553,"z":-0.17394660413265229,"w":-0.4843297600746155},"size":3.324744939804077,"orthographic":false}