{"cameraMode":{"drawMode":0,"name":"Shaded","section":"Shading Mode"},"sceneLighting":false,"audioPlay":false,"sceneViewState":{"showFog":true,"showMaterialUpdate":false,"showSkybox":false,"showFlares":true,"showImageEffects":true,"showParticleSystems":true},"in2DMode":false,"pivot":{"x":-5.302196979522705,"y":7.482208251953125,"z":6.9940900802612309},"rotation":{"x":-0.1510249376296997,"y":0.7511294484138489,"z":-0.1840219497680664,"w":-0.6161313652992249},"size":16.00287628173828,"orthographic":false}