{"cameraMode":{"drawMode":0,"name":"Shaded","section":"Shading Mode"},"sceneLighting":false,"audioPlay":false,"sceneViewState":{"showFog":true,"showMaterialUpdate":false,"showSkybox":false,"showFlares":true,"showImageEffects":true,"showParticleSystems":true},"in2DMode":false,"pivot":{"x":-8.79336166381836,"y":7.47722864151001,"z":-6.137242317199707},"rotation":{"x":-0.07017342746257782,"y":0.9253921508789063,"z":-0.21061594784259797,"w":-0.3079787492752075},"size":14.486614227294922,"orthographic":false}