{"cameraMode":{"drawMode":0,"name":"Shaded","section":"Shading Mode"},"sceneLighting":false,"audioPlay":false,"sceneViewState":{"showFog":true,"showMaterialUpdate":false,"showSkybox":false,"showFlares":true,"showImageEffects":true,"showParticleSystems":true},"in2DMode":false,"pivot":{"x":-0.09929224103689194,"y":-2.3044991493225099,"z":-2.027543067932129},"rotation":{"x":-0.016735345125198365,"y":-0.9282375574111939,"z":0.3698567748069763,"w":-0.03970155119895935},"size":6.151583194732666,"orthographic":false}