{"cameraMode":{"drawMode":0,"name":"Shaded","section":"Shading Mode"},"sceneLighting":true,"audioPlay":false,"sceneViewState":{"showFog":true,"showMaterialUpdate":false,"showSkybox":false,"showFlares":true,"showImageEffects":true,"showParticleSystems":true},"in2DMode":false,"pivot":{"x":-9.367958068847657,"y":-196.6378631591797,"z":173.6259765625},"rotation":{"x":0.4213777482509613,"y":-0.024823375046253206,"z":0.01354174129664898,"w":0.9068970084190369},"size":136.26980590820313,"orthographic":false}