{"cameraMode":{"drawMode":0,"name":"Shaded","section":"Shading Mode"},"sceneLighting":true,"audioPlay":false,"sceneViewState":{"showFog":true,"showMaterialUpdate":false,"showSkybox":true,"showFlares":true,"showImageEffects":true,"showParticleSystems":true},"in2DMode":false,"pivot":{"x":-5.5979180335998539,"y":-7.672165870666504,"z":2.415419816970825},"rotation":{"x":0.39137932658195498,"y":-0.4808858036994934,"z":0.258752703666687,"w":0.7412965893745422},"size":9.025684356689454,"orthographic":false}