{"cameraMode":{"drawMode":0,"name":"Shaded","section":"Shading Mode"},"sceneLighting":false,"audioPlay":false,"sceneViewState":{"showFog":true,"showMaterialUpdate":false,"showSkybox":false,"showFlares":true,"showImageEffects":true,"showParticleSystems":true},"in2DMode":false,"pivot":{"x":-4.423880577087402,"y":-5.26968240737915,"z":-0.8420569896697998},"rotation":{"x":0.19369512796401978,"y":-0.47820693254470827,"z":0.11207809299230576,"w":0.849622905254364},"size":14.257046699523926,"orthographic":false}