{"cameraMode":{"drawMode":0,"name":"Shaded","section":"Shading Mode"},"sceneLighting":false,"audioPlay":false,"sceneViewState":{"showFog":true,"showMaterialUpdate":false,"showSkybox":false,"showFlares":true,"showImageEffects":true,"showParticleSystems":true},"in2DMode":false,"pivot":{"x":3.0645694732666017,"y":-2.1662354469299318,"z":5.03536319732666},"rotation":{"x":0.16911061108112336,"y":0.24580344557762147,"z":-0.04353145882487297,"w":0.9535472989082336},"size":4.343614101409912,"orthographic":false}