{"cameraMode":{"drawMode":0,"name":"Shaded","section":"Shading Mode"},"sceneLighting":false,"audioPlay":false,"sceneViewState":{"showFog":true,"showMaterialUpdate":false,"showSkybox":false,"showFlares":true,"showImageEffects":true,"showParticleSystems":true},"in2DMode":false,"pivot":{"x":540.2000122070313,"y":965.8718872070313,"z":-16.201892852783204},"rotation":{"x":-0.4460057020187378,"y":0.05425970256328583,"z":-0.028298648074269296,"w":-0.8931366205215454},"size":0.1250547617673874,"orthographic":false}