{"cameraMode":{"drawMode":0,"name":"Shaded","section":"Shading Mode"},"sceneLighting":false,"audioPlay":false,"sceneViewState":{"showFog":true,"showMaterialUpdate":false,"showSkybox":false,"showFlares":true,"showImageEffects":true,"showParticleSystems":true},"in2DMode":false,"pivot":{"x":540.2000122070313,"y":965.8718872070313,"z":-16.201892852783204},"rotation":{"x":-0.0004216411616653204,"y":-0.9974582195281982,"z":-0.006340170279145241,"w":-0.07345728576183319},"size":0.1250547617673874,"orthographic":false}