{"cameraMode":{"drawMode":0,"name":"Shaded","section":"Shading Mode"},"sceneLighting":true,"audioPlay":false,"sceneViewState":{"showFog":true,"showMaterialUpdate":false,"showSkybox":false,"showFlares":true,"showImageEffects":true,"showParticleSystems":true},"in2DMode":false,"pivot":{"x":0.1532016545534134,"y":-0.4287199079990387,"z":-0.34443795680999758},"rotation":{"x":-0.17680704593658448,"y":0.13920748233795167,"z":-0.02645050548017025,"w":-0.974155068397522},"size":2.724745035171509,"orthographic":false}